latitude,longitude,approved,attrs,startDate,startTime,endDate,endTime,timezone,displayImgId,displayThumbUrl,displayImgType,displayImgUrl,id,accuracy,precision,displayImgLicense,maxCount,minCount,orgIds,public,region,species,system:time_start
36.8,-122.0,True,,2024-09-01,13:51:46,,13:51:46,America/Los_Angeles,1169917,https://au-hw-media-t.happywhale.com/5b254846-e6eb-4cd0-a366-c686514cb1ca.jpg,IMAGE,https://au-hw-media-m.happywhale.com/5b254846-e6eb-4cd0-a366-c686514cb1ca.jpg,489723,GENERAL,,PUBLIC_DOMAIN,1,1,[None],True,"California, United States",humpback_whale,1725141600000
36.6646,-122.0135,True,,2024-09-01,10:30:00,,12:00:00,America/Los_Angeles,1169955,https://au-hw-media-t.happywhale.com/0d7f7344-71dc-47d8-81e5-abd5bac9dba9.jpg,IMAGE,https://au-hw-media-m.happywhale.com/0d7f7344-71dc-47d8-81e5-abd5bac9dba9.jpg,489848,PRECISE,MANUAL,PUBLIC_DOMAIN,1,1,[None],True,"California, United States",humpback_whale,1725141600000
36.6646,-122.0135,True,,2024-09-01,10:30:00,,12:00:00,America/Los_Angeles,1169956,https://au-hw-media-t.happywhale.com/2a9e8162-a970-4b87-aca6-bee7c0017ed2.jpg,IMAGE,https://au-hw-media-m.happywhale.com/2a9e8162-a970-4b87-aca6-bee7c0017ed2.jpg,489847,PRECISE,MANUAL,PUBLIC_DOMAIN,1,1,[None],True,"California, United States",humpback_whale,1725141600000
36.8,-122.0,True,,2024-09-01,13:51:25,,13:51:25,America/Los_Angeles,1169918,https://au-hw-media-t.happywhale.com/9db42f6e-8539-43de-aada-fc71ddcbd57e.jpg,IMAGE,https://au-hw-media-m.happywhale.com/9db42f6e-8539-43de-aada-fc71ddcbd57e.jpg,489724,GENERAL,,PUBLIC_DOMAIN,1,1,[None],True,"California, United States",humpback_whale,1725141600000
36.7073,-121.9787,True,,2024-09-01,10:30:00,,12:00:00,America/Los_Angeles,1169954,https://au-hw-media-t.happywhale.com/9ed7e72a-4462-484c-a7b4-3ff8499ee8d6.jpg,IMAGE,https://au-hw-media-m.happywhale.com/9ed7e72a-4462-484c-a7b4-3ff8499ee8d6.jpg,489846,PRECISE,MANUAL,PUBLIC_DOMAIN,1,1,[None],True,"California, United States",humpback_whale,1725141600000
36.849,-121.993,True,,2024-09-01,11:39:49,,11:39:49,America/Los_Angeles,1170092,https://au-hw-media-t.happywhale.com/e8b1d44d-4b5d-445f-afe6-680658e9cf4c.jpg,IMAGE,https://au-hw-media-m.happywhale.com/e8b1d44d-4b5d-445f-afe6-680658e9cf4c.jpg,489941,PRECISE,MOBILE_DEVICE,PUBLIC_DOMAIN,1,1,[None],True,"California, United States",humpback_whale,1725141600000
36.849,-121.993,True,,2024-09-01,12:25:34,,12:25:34,America/Los_Angeles,1170093,https://au-hw-media-t.happywhale.com/c4ca6192-f3b5-478e-8e36-95a32d6f2f14.jpg,IMAGE,https://au-hw-media-m.happywhale.com/c4ca6192-f3b5-478e-8e36-95a32d6f2f14.jpg,489942,PRECISE,MOBILE_DEVICE,PUBLIC_DOMAIN,1,1,[None],True,"California, United States",humpback_whale,1725141600000
36.849,-121.993,True,,2024-09-01,12:32:48,,12:32:48,America/Los_Angeles,1170094,https://au-hw-media-t.happywhale.com/806679f1-9c91-4402-8539-28088a8fd72b.jpg,IMAGE,https://au-hw-media-m.happywhale.com/806679f1-9c91-4402-8539-28088a8fd72b.jpg,489943,PRECISE,MOBILE_DEVICE,PUBLIC_DOMAIN,1,1,[None],True,"California, United States",humpback_whale,1725141600000
36.668539,-121.955152,True,,2024-09-02,09:52:03,,09:52:12,-07:00,1169914,https://au-hw-media-t.happywhale.com/ebeba8c9-5934-4247-bc87-b1c2c25705d0.jpg,IMAGE,https://au-hw-media-m.happywhale.com/ebeba8c9-5934-4247-bc87-b1c2c25705d0.jpg,489716,PRECISE,MOBILE_DEVICE,PUBLIC_DOMAIN,1,1,[None],True,"California, United States",humpback_whale,1725228000000
36.668539,-121.955152,True,,2024-09-02,09:52:12,,09:52:12,-07:00,1167530,https://au-hw-media-t.happywhale.com/a5fd6f1f-14b4-4139-80f5-e1b77e756bb1.jpg,IMAGE,https://au-hw-media-m.happywhale.com/a5fd6f1f-14b4-4139-80f5-e1b77e756bb1.jpg,489717,PRECISE,MOBILE_DEVICE,PUBLIC_DOMAIN,1,1,[None],True,"California, United States",humpback_whale,1725228000000
36.668539,-121.955152,True,,2024-09-02,09:59:40,,09:59:40,-07:00,1167531,https://au-hw-media-t.happywhale.com/ec170011-b391-4c34-9023-2b9d72871625.jpg,IMAGE,https://au-hw-media-m.happywhale.com/ec170011-b391-4c34-9023-2b9d72871625.jpg,489718,PRECISE,MOBILE_DEVICE,PUBLIC_DOMAIN,1,1,[None],True,"California, United States",humpback_whale,1725228000000
36.6641,-122.040152,True,,2024-09-02,10:35:50,,10:35:54,-07:00,1167552,https://au-hw-media-t.happywhale.com/2bff4305-b38d-4271-8d12-e763de98ed8f.jpg,IMAGE,https://au-hw-media-m.happywhale.com/2bff4305-b38d-4271-8d12-e763de98ed8f.jpg,489719,PRECISE,MOBILE_DEVICE,PUBLIC_DOMAIN,1,1,[None],True,"California, United States",humpback_whale,1725228000000
36.6641,-122.040152,True,,2024-09-02,10:35:54,,10:35:54,-07:00,1167553,https://au-hw-media-t.happywhale.com/195de9de-b48f-4cda-a037-fc7c6156c741.jpg,IMAGE,https://au-hw-media-m.happywhale.com/195de9de-b48f-4cda-a037-fc7c6156c741.jpg,489720,PRECISE,MOBILE_DEVICE,PUBLIC_DOMAIN,1,1,[None],True,"California, United States",humpback_whale,1725228000000
36.8,-122.0,True,,2024-09-02,19:23:55.88,,19:23:55.88,America/Los_Angeles,1170258,https://au-hw-media-t.happywhale.com/1ae620f8-fb06-4399-8649-ff1abdfef6e7.jpg,IMAGE,https://au-hw-media-m.happywhale.com/1ae620f8-fb06-4399-8649-ff1abdfef6e7.jpg,490030,GENERAL,,PUBLIC_DOMAIN,1,1,[None],True,"California, United States",humpback_whale,1725228000000
36.8,-122.0,True,,2024-09-02,,,,America/Los_Angeles,1170152,https://au-hw-media-t.happywhale.com/fc627e4a-885a-4659-8f0e-ebda7f4fe80c.jpg,IMAGE,https://au-hw-media-m.happywhale.com/fc627e4a-885a-4659-8f0e-ebda7f4fe80c.jpg,489984,GENERAL,,PUBLIC_DOMAIN,1,1,[None],True,"California, United States",humpback_whale,1725228000000
36.839,-121.993,True,,2024-09-02,14:23:57,,14:28:51,America/Los_Angeles,1170130,https://au-hw-media-t.happywhale.com/70e0b92e-e72a-4ac4-aed9-f70edac3e5e4.jpg,IMAGE,https://au-hw-media-m.happywhale.com/70e0b92e-e72a-4ac4-aed9-f70edac3e5e4.jpg,489969,APPROX,,PUBLIC_DOMAIN,1,1,[None],True,"California, United States",humpback_whale,1725228000000
36.839,-121.993,True,,2024-09-02,14:24:05,,14:24:05,America/Los_Angeles,1170131,https://au-hw-media-t.happywhale.com/c1b3f5f0-302b-4103-9b4c-eeb37450c96a.jpg,IMAGE,https://au-hw-media-m.happywhale.com/c1b3f5f0-302b-4103-9b4c-eeb37450c96a.jpg,489970,APPROX,,PUBLIC_DOMAIN,1,1,[None],True,"California, United States",humpback_whale,1725228000000
36.839,-121.993,True,,2024-09-02,14:12:16.5,,14:51:14.28,America/Los_Angeles,1170133,https://au-hw-media-t.happywhale.com/37d2a564-93a3-445f-81db-923f5293c377.jpg,IMAGE,https://au-hw-media-m.happywhale.com/37d2a564-93a3-445f-81db-923f5293c377.jpg,489971,APPROX,,PUBLIC_DOMAIN,1,1,[None],True,"California, United States",humpback_whale,1725228000000
36.8,-121.85,True,,2024-09-02,,,,America/Los_Angeles,1173136,https://au-hw-media-t.happywhale.com/3d7cf73a-5ccc-4484-ab35-61e36027e35f.jpg,IMAGE,https://au-hw-media-m.happywhale.com/3d7cf73a-5ccc-4484-ab35-61e36027e35f.jpg,490517,GENERAL,,PUBLIC_DOMAIN,1,1,[None],True,"California, United States",humpback_whale,1725228000000
36.777235,-121.859728,True,,2024-09-02,09:43:48,,09:43:48,-07:00,1167911,https://au-hw-media-t.happywhale.com/ef2ea0fd-b9ac-4abc-961b-47d03c74f46c.jpg,IMAGE,https://au-hw-media-m.happywhale.com/ef2ea0fd-b9ac-4abc-961b-47d03c74f46c.jpg,488922,PRECISE,CAMERA,PUBLIC_DOMAIN,1,1,[None],True,"California, United States",humpback_whale,1725228000000
36.835212,-121.960648,True,,2024-09-02,10:39:34,,10:39:43,-07:00,1167913,https://au-hw-media-t.happywhale.com/7cd35652-0c06-4f8b-b0cf-d540a49a4f20.jpg,IMAGE,https://au-hw-media-m.happywhale.com/7cd35652-0c06-4f8b-b0cf-d540a49a4f20.jpg,488923,PRECISE,CAMERA,PUBLIC_DOMAIN,1,1,[None],True,"California, United States",humpback_whale,1725228000000
36.835212,-121.960648,True,,2024-09-02,10:39:34,,10:39:34,-07:00,1167912,https://au-hw-media-t.happywhale.com/52dc16d3-1a26-458e-b576-2cba8075487f.jpg,IMAGE,https://au-hw-media-m.happywhale.com/52dc16d3-1a26-458e-b576-2cba8075487f.jpg,488924,PRECISE,CAMERA,PUBLIC_DOMAIN,1,1,[None],True,"California, United States",humpback_whale,1725228000000
36.834488,-121.976618,True,,2024-09-02,11:00:54,,11:01:03,-07:00,1167915,https://au-hw-media-t.happywhale.com/4e248ceb-018d-4295-80bf-77d2b525ce1e.jpg,IMAGE,https://au-hw-media-m.happywhale.com/4e248ceb-018d-4295-80bf-77d2b525ce1e.jpg,488925,PRECISE,CAMERA,PUBLIC_DOMAIN,1,1,[None],True,"California, United States",humpback_whale,1725228000000
36.834488,-121.976618,True,,2024-09-02,11:00:54,,11:00:54,-07:00,1167914,https://au-hw-media-t.happywhale.com/e80b323e-b740-4186-b173-03dacec0db76.jpg,IMAGE,https://au-hw-media-m.happywhale.com/e80b323e-b740-4186-b173-03dacec0db76.jpg,488926,PRECISE,CAMERA,PUBLIC_DOMAIN,1,1,[None],True,"California, United States",humpback_whale,1725228000000
36.825895,-122.0249,True,,2024-09-02,11:29:29,,11:29:29,-07:00,1167916,https://au-hw-media-t.happywhale.com/931f1b60-ec14-439d-a103-8e0dd5af485a.jpg,IMAGE,https://au-hw-media-m.happywhale.com/931f1b60-ec14-439d-a103-8e0dd5af485a.jpg,488927,PRECISE,CAMERA,PUBLIC_DOMAIN,1,1,[None],True,"California, United States",humpback_whale,1725228000000
36.827832,-122.023032,True,,2024-09-02,11:40:29,,11:40:29,-07:00,1167917,https://au-hw-media-t.happywhale.com/7664235e-340d-444c-bd5d-83dabf20290d.jpg,IMAGE,https://au-hw-media-m.happywhale.com/7664235e-340d-444c-bd5d-83dabf20290d.jpg,488928,PRECISE,CAMERA,PUBLIC_DOMAIN,1,1,[None],True,"California, United States",humpback_whale,1725228000000
36.789702,-121.832227,True,,2024-09-03,09:25:48,,09:25:48,-07:00,1169046,https://au-hw-media-t.happywhale.com/56987e69-fecb-4772-afb4-cf145312bbf8.jpg,IMAGE,https://au-hw-media-m.happywhale.com/56987e69-fecb-4772-afb4-cf145312bbf8.jpg,489746,PRECISE,CAMERA,PUBLIC_DOMAIN,1,1,[None],True,"California, United States",humpback_whale,1725314400000
36.790385,-121.831647,True,,2024-09-03,09:32:15,,09:32:15,-07:00,1169047,https://au-hw-media-t.happywhale.com/96119369-1a5c-458c-b7c4-b458abf07044.jpg,IMAGE,https://au-hw-media-m.happywhale.com/96119369-1a5c-458c-b7c4-b458abf07044.jpg,489747,PRECISE,CAMERA,PUBLIC_DOMAIN,1,1,[None],True,"California, United States",humpback_whale,1725314400000
36.78258,-121.831715,True,,2024-09-03,09:45:05,,09:46:30,-07:00,1169049,https://au-hw-media-t.happywhale.com/b7f57c33-2efe-4bb3-8db2-197fe41bb7c6.jpg,IMAGE,https://au-hw-media-m.happywhale.com/b7f57c33-2efe-4bb3-8db2-197fe41bb7c6.jpg,489748,PRECISE,CAMERA,PUBLIC_DOMAIN,1,1,[None],True,"California, United States",humpback_whale,1725314400000
36.782912,-121.831762,True,,2024-09-03,09:45:05,,09:45:05,-07:00,1169048,https://au-hw-media-t.happywhale.com/ff406c34-2745-43f8-a2fa-c8032fdad7c1.jpg,IMAGE,https://au-hw-media-m.happywhale.com/ff406c34-2745-43f8-a2fa-c8032fdad7c1.jpg,489749,PRECISE,CAMERA,PUBLIC_DOMAIN,1,1,[None],True,"California, United States",humpback_whale,1725314400000
36.83955,-121.978307,True,,2024-09-03,10:46:56,,10:51:45,-07:00,1169940,https://au-hw-media-t.happywhale.com/a061f1f7-291c-4ae8-b436-e41d29fcb04e.jpg,IMAGE,https://au-hw-media-m.happywhale.com/a061f1f7-291c-4ae8-b436-e41d29fcb04e.jpg,489750,PRECISE,CAMERA,PUBLIC_DOMAIN,1,1,[None],True,"California, United States",humpback_whale,1725314400000
36.831568,-121.996183,True,,2024-09-03,11:31:41,,11:31:41,-07:00,1169056,https://au-hw-media-t.happywhale.com/055b216d-9584-4164-841c-d1ead0551a4a.jpg,IMAGE,https://au-hw-media-m.happywhale.com/055b216d-9584-4164-841c-d1ead0551a4a.jpg,489757,PRECISE,CAMERA,PUBLIC_DOMAIN,1,1,[None],True,"California, United States",humpback_whale,1725314400000
36.831005,-121.960287,True,,2024-09-03,10:46:56,,10:46:56,-07:00,1169050,https://au-hw-media-t.happywhale.com/68f617b9-253a-4c5b-8f58-95bac887e695.jpg,IMAGE,https://au-hw-media-m.happywhale.com/68f617b9-253a-4c5b-8f58-95bac887e695.jpg,489751,PRECISE,CAMERA,PUBLIC_DOMAIN,1,1,[None],True,"California, United States",humpback_whale,1725314400000
36.831005,-121.960287,True,,2024-09-03,10:47:00,,10:47:00,-07:00,1169051,https://au-hw-media-t.happywhale.com/0792af70-d9d0-4f84-acd3-5ff57423d05a.jpg,IMAGE,https://au-hw-media-m.happywhale.com/0792af70-d9d0-4f84-acd3-5ff57423d05a.jpg,489752,PRECISE,CAMERA,PUBLIC_DOMAIN,1,1,[None],True,"California, United States",humpback_whale,1725314400000
36.83193,-121.995492,True,,2024-09-03,11:26:09,,11:33:42,-07:00,1169057,https://au-hw-media-t.happywhale.com/9fb643f2-0f21-49d3-a492-ef04e349dd0c.jpg,IMAGE,https://au-hw-media-m.happywhale.com/9fb643f2-0f21-49d3-a492-ef04e349dd0c.jpg,489754,PRECISE,CAMERA,PUBLIC_DOMAIN,1,1,[None],True,"California, United States",humpback_whale,1725314400000
36.831038,-121.994558,True,,2024-09-03,11:26:09,,11:26:09,-07:00,1169941,https://au-hw-media-t.happywhale.com/01f975ae-3e25-4d30-b9e1-1b2d092355d0.jpg,IMAGE,https://au-hw-media-m.happywhale.com/01f975ae-3e25-4d30-b9e1-1b2d092355d0.jpg,489755,PRECISE,CAMERA,PUBLIC_DOMAIN,1,1,[None],True,"California, United States",humpback_whale,1725314400000
36.738617,-121.892053,True,,2024-09-03,15:13:14,,15:13:14,-07:00,1170295,https://au-hw-media-t.happywhale.com/f05dc309-bcee-4113-ae02-a6fb2aaa9507.jpg,IMAGE,https://au-hw-media-m.happywhale.com/f05dc309-bcee-4113-ae02-a6fb2aaa9507.jpg,490032,PRECISE,CAMERA,PUBLIC_DOMAIN,1,1,[None],True,"California, United States",humpback_whale,1725314400000
36.8,-122.0,True,,2024-09-03,12:27:50,,12:27:50,-07:00,1173889,https://au-hw-media-t.happywhale.com/6ce79791-fa36-4133-aa74-d939407faf4a.jpg,IMAGE,https://au-hw-media-m.happywhale.com/6ce79791-fa36-4133-aa74-d939407faf4a.jpg,490863,GENERAL,,PUBLIC_DOMAIN,1,1,[None],True,"California, United States",humpback_whale,1725314400000
36.8,-122.0,True,,2024-09-03,12:53:20,,12:53:20,-07:00,1173890,https://au-hw-media-t.happywhale.com/9b9ba5ec-9329-4973-a88a-961f1da18523.jpg,IMAGE,https://au-hw-media-m.happywhale.com/9b9ba5ec-9329-4973-a88a-961f1da18523.jpg,490864,GENERAL,,PUBLIC_DOMAIN,1,1,[None],True,"California, United States",humpback_whale,1725314400000
36.827432,-121.976743,True,,2024-09-03,11:40:53,,11:40:53,-07:00,1169942,https://au-hw-media-t.happywhale.com/811259a6-ebb0-4d8d-bfb7-b182dd5aaea8.jpg,IMAGE,https://au-hw-media-m.happywhale.com/811259a6-ebb0-4d8d-bfb7-b182dd5aaea8.jpg,489758,PRECISE,CAMERA,PUBLIC_DOMAIN,1,1,[None],True,"California, United States",humpback_whale,1725314400000
36.785608,-121.846963,True,,2024-09-04,09:51:18,,09:51:18,-07:00,1170442,https://au-hw-media-t.happywhale.com/549f3fc1-6eab-49bc-a24c-aedf1cb3b0a9.jpg,IMAGE,https://au-hw-media-m.happywhale.com/549f3fc1-6eab-49bc-a24c-aedf1cb3b0a9.jpg,490118,PRECISE,CAMERA,PUBLIC_DOMAIN,1,1,[None],True,"California, United States",humpback_whale,1725400800000
36.835588,-121.984318,True,,2024-09-04,11:29:49,,11:29:49,-07:00,1170444,https://au-hw-media-t.happywhale.com/2cfe4fef-e8b9-4476-8c18-b7a4d502ba9c.jpg,IMAGE,https://au-hw-media-m.happywhale.com/2cfe4fef-e8b9-4476-8c18-b7a4d502ba9c.jpg,490119,PRECISE,CAMERA,PUBLIC_DOMAIN,1,1,[None],True,"California, United States",humpback_whale,1725400800000
36.82755,-121.993143,True,,2024-09-04,11:52:48,,11:53:00,-07:00,1170446,https://au-hw-media-t.happywhale.com/48ca9f05-65ab-42c7-9cd6-b3726a414896.jpg,IMAGE,https://au-hw-media-m.happywhale.com/48ca9f05-65ab-42c7-9cd6-b3726a414896.jpg,490120,PRECISE,CAMERA,PUBLIC_DOMAIN,1,1,[None],True,"California, United States",humpback_whale,1725400800000
36.827183,-121.993425,True,,2024-09-04,11:52:48,,11:52:48,-07:00,1171094,https://au-hw-media-t.happywhale.com/47290403-63dd-4a4d-9219-65746712b514.jpg,IMAGE,https://au-hw-media-m.happywhale.com/47290403-63dd-4a4d-9219-65746712b514.jpg,490121,PRECISE,CAMERA,PUBLIC_DOMAIN,1,1,[None],True,"California, United States",humpback_whale,1725400800000
36.787162,-121.843682,True,,2024-09-04,09:41:39,,09:41:39,-07:00,1170440,https://au-hw-media-t.happywhale.com/afaedaa6-11a8-468f-b54e-ea0d5d460a01.jpg,IMAGE,https://au-hw-media-m.happywhale.com/afaedaa6-11a8-468f-b54e-ea0d5d460a01.jpg,490116,PRECISE,CAMERA,PUBLIC_DOMAIN,1,1,[None],True,"California, United States",humpback_whale,1725400800000
36.785608,-121.846963,True,,2024-09-04,09:51:18,,09:51:31,-07:00,1170443,https://au-hw-media-t.happywhale.com/bc50ed90-5667-4d24-83a8-40a5932ff783.jpg,IMAGE,https://au-hw-media-m.happywhale.com/bc50ed90-5667-4d24-83a8-40a5932ff783.jpg,490117,PRECISE,CAMERA,PUBLIC_DOMAIN,1,1,[None],True,"California, United States",humpback_whale,1725400800000
36.654939,-121.914064,True,,2024-09-04,12:42:31,,12:42:31,-07:00,1171743,https://au-hw-media-t.happywhale.com/addb30cc-0c57-4165-a624-660c38291512.jpg,IMAGE,https://au-hw-media-m.happywhale.com/addb30cc-0c57-4165-a624-660c38291512.jpg,490289,PRECISE,CAMERA,PUBLIC_DOMAIN,1,1,[None],True,"California, United States",humpback_whale,1725400800000
36.715076,-121.918002,True,,2024-09-04,,,,America/Los_Angeles,1171599,https://au-hw-media-t.happywhale.com/d92e7a76-293a-4434-96a1-7309383766fb.jpg,IMAGE,https://au-hw-media-m.happywhale.com/d92e7a76-293a-4434-96a1-7309383766fb.jpg,490537,APPROX,,CC_BY_SA,1,1,[None],True,"California, United States",humpback_whale,1725400800000
36.711896,-121.893265,True,,2024-09-04,,,,America/Los_Angeles,1171600,https://au-hw-media-t.happywhale.com/7471f8b8-b5d3-4345-b143-4d1a9f8034bc.jpg,IMAGE,https://au-hw-media-m.happywhale.com/7471f8b8-b5d3-4345-b143-4d1a9f8034bc.jpg,490538,APPROX,,CC_BY_SA,1,1,[None],True,"California, United States",humpback_whale,1725400800000
36.81997,-121.970215,True,,2024-09-04,08:57:42,,08:57:42,-07:00,1171486,https://au-hw-media-t.happywhale.com/71ce4d25-e121-4687-bf92-dd0bd84daa4e.jpg,IMAGE,https://au-hw-media-m.happywhale.com/71ce4d25-e121-4687-bf92-dd0bd84daa4e.jpg,490521,APPROX,,PUBLIC_DOMAIN,1,1,[None],True,"California, United States",humpback_whale,1725400800000
36.81997,-121.970215,True,,2024-09-04,10:00:42,,10:00:42,-07:00,1171487,https://au-hw-media-t.happywhale.com/65359156-7dd1-4039-a05d-3b0cc7280c79.jpg,IMAGE,https://au-hw-media-m.happywhale.com/65359156-7dd1-4039-a05d-3b0cc7280c79.jpg,490522,APPROX,,PUBLIC_DOMAIN,1,1,[None],True,"California, United States",humpback_whale,1725400800000
36.857,-121.986,True,,2024-09-04,13:58:17,,13:58:18,America/Los_Angeles,1173780,https://au-hw-media-t.happywhale.com/d243a5c5-3f89-43d6-997b-70679bd17d23.jpg,IMAGE,https://au-hw-media-m.happywhale.com/d243a5c5-3f89-43d6-997b-70679bd17d23.jpg,490804,APPROX,,PUBLIC_DOMAIN,1,1,[None],True,"California, United States",humpback_whale,1725400800000
36.857,-121.986,True,,2024-09-04,14:08:51,,14:08:51,America/Los_Angeles,1173781,https://au-hw-media-t.happywhale.com/b9245235-b25c-4cdb-ba1e-cfd600e66db4.jpg,IMAGE,https://au-hw-media-m.happywhale.com/b9245235-b25c-4cdb-ba1e-cfd600e66db4.jpg,490805,APPROX,,PUBLIC_DOMAIN,1,1,[None],True,"California, United States",humpback_whale,1725400800000
36.857,-121.986,True,,2024-09-04,14:31:47,,14:34:01,America/Los_Angeles,1173782,https://au-hw-media-t.happywhale.com/e61d54c7-585c-4fa6-ae30-820a78fefa3c.jpg,IMAGE,https://au-hw-media-m.happywhale.com/e61d54c7-585c-4fa6-ae30-820a78fefa3c.jpg,490806,APPROX,,PUBLIC_DOMAIN,1,1,[None],True,"California, United States",humpback_whale,1725400800000
36.857,-121.986,True,,2024-09-04,15:15:12,,15:15:12,America/Los_Angeles,1173784,https://au-hw-media-t.happywhale.com/2f84b0bb-f01e-4b29-b483-0ec2b0ffd923.jpg,IMAGE,https://au-hw-media-m.happywhale.com/2f84b0bb-f01e-4b29-b483-0ec2b0ffd923.jpg,490807,APPROX,,PUBLIC_DOMAIN,1,1,[None],True,"California, United States",humpback_whale,1725400800000
36.83982,-121.979355,True,,2024-09-05,10:11:07,,10:11:07,America/Los_Angeles,1171403,https://au-hw-media-t.happywhale.com/0e7708e3-c403-4d6b-9895-31993e4318b4.jpg,IMAGE,https://au-hw-media-m.happywhale.com/0e7708e3-c403-4d6b-9895-31993e4318b4.jpg,490184,PRECISE,GPS_TRACK,PUBLIC_DOMAIN,1,1,[None],True,"California, United States",humpback_whale,1725487200000
36.84069,-121.980018,True,,2024-09-05,10:18:42,,10:18:42,America/Los_Angeles,1171404,https://au-hw-media-t.happywhale.com/0028ec21-56fd-48ef-aafd-7769a67781c5.jpg,IMAGE,https://au-hw-media-m.happywhale.com/0028ec21-56fd-48ef-aafd-7769a67781c5.jpg,490185,PRECISE,GPS_TRACK,PUBLIC_DOMAIN,1,1,[None],True,"California, United States",humpback_whale,1725487200000
36.85656,-122.029035,True,,2024-09-05,10:51:55,,10:51:55,America/Los_Angeles,1171405,https://au-hw-media-t.happywhale.com/94770549-0d19-4e0f-815a-3d04f82cb01c.jpg,IMAGE,https://au-hw-media-m.happywhale.com/94770549-0d19-4e0f-815a-3d04f82cb01c.jpg,490186,PRECISE,GPS_TRACK,PUBLIC_DOMAIN,1,1,[None],True,"California, United States",humpback_whale,1725487200000
36.85638,-122.029232,True,,2024-09-05,10:56:04,,10:56:04,America/Los_Angeles,1171406,https://au-hw-media-t.happywhale.com/a893e810-ce71-4dd2-b486-3fb23db5af80.jpg,IMAGE,https://au-hw-media-m.happywhale.com/a893e810-ce71-4dd2-b486-3fb23db5af80.jpg,490187,PRECISE,GPS_TRACK,PUBLIC_DOMAIN,1,1,[None],True,"California, United States",humpback_whale,1725487200000
36.85638,-122.029232,True,,2024-09-05,10:56:07,,10:56:07,America/Los_Angeles,1171398,https://au-hw-media-t.happywhale.com/bdc2527f-a562-4c7a-bbd4-92d97dc14fd7.jpg,IMAGE,https://au-hw-media-m.happywhale.com/bdc2527f-a562-4c7a-bbd4-92d97dc14fd7.jpg,490188,PRECISE,GPS_TRACK,PUBLIC_DOMAIN,1,1,[None],True,"California, United States",humpback_whale,1725487200000
36.85638,-122.029232,True,,2024-09-05,10:56:10,,10:56:10,America/Los_Angeles,1171399,https://au-hw-media-t.happywhale.com/8ca800a7-f0a2-496f-a9ed-79f2140a4e37.jpg,IMAGE,https://au-hw-media-m.happywhale.com/8ca800a7-f0a2-496f-a9ed-79f2140a4e37.jpg,490189,PRECISE,GPS_TRACK,PUBLIC_DOMAIN,1,1,[None],True,"California, United States",humpback_whale,1725487200000
36.85638,-122.029232,True,,2024-09-05,10:56:17,,10:56:17,America/Los_Angeles,1171400,https://au-hw-media-t.happywhale.com/baf1eb47-192e-4614-b977-037bc54dc395.jpg,IMAGE,https://au-hw-media-m.happywhale.com/baf1eb47-192e-4614-b977-037bc54dc395.jpg,490190,PRECISE,GPS_TRACK,PUBLIC_DOMAIN,1,1,[None],True,"California, United States",humpback_whale,1725487200000
36.857237,-122.030117,True,,2024-09-05,11:02:09,,11:04:18,America/Los_Angeles,1171402,https://au-hw-media-t.happywhale.com/41a57391-12b9-4a29-84b2-2cfda4c20a9a.jpg,IMAGE,https://au-hw-media-m.happywhale.com/41a57391-12b9-4a29-84b2-2cfda4c20a9a.jpg,490191,PRECISE,GPS_TRACK,PUBLIC_DOMAIN,1,1,[None],True,"California, United States",humpback_whale,1725487200000
36.856827,-122.029802,True,,2024-09-05,11:02:09,,11:02:09,America/Los_Angeles,1171401,https://au-hw-media-t.happywhale.com/5ef39932-974d-41d4-acde-470e2e053d70.jpg,IMAGE,https://au-hw-media-m.happywhale.com/5ef39932-974d-41d4-acde-470e2e053d70.jpg,490192,PRECISE,GPS_TRACK,PUBLIC_DOMAIN,1,1,[None],True,"California, United States",humpback_whale,1725487200000
36.858293,-122.02781,True,,2024-09-05,11:13:09,,11:13:09,America/Los_Angeles,1171397,https://au-hw-media-t.happywhale.com/9492a84c-530a-4fb4-ad62-1f373f38f197.jpg,IMAGE,https://au-hw-media-m.happywhale.com/9492a84c-530a-4fb4-ad62-1f373f38f197.jpg,490193,PRECISE,GPS_TRACK,PUBLIC_DOMAIN,1,1,[None],True,"California, United States",humpback_whale,1725487200000
36.85947,-122.028692,True,,2024-09-05,11:17:40,,11:17:40,America/Los_Angeles,1171392,https://au-hw-media-t.happywhale.com/e0a28423-7c84-4b30-bc7f-d81a51962fef.jpg,IMAGE,https://au-hw-media-m.happywhale.com/e0a28423-7c84-4b30-bc7f-d81a51962fef.jpg,490194,PRECISE,GPS_TRACK,PUBLIC_DOMAIN,1,1,[None],True,"California, United States",humpback_whale,1725487200000
36.858835,-122.027523,True,,2024-09-05,11:21:03,,11:21:03,America/Los_Angeles,1171393,https://au-hw-media-t.happywhale.com/38198bfb-4846-4515-a75d-751bfc0d33f9.jpg,IMAGE,https://au-hw-media-m.happywhale.com/38198bfb-4846-4515-a75d-751bfc0d33f9.jpg,490195,PRECISE,GPS_TRACK,PUBLIC_DOMAIN,1,1,[None],True,"California, United States",humpback_whale,1725487200000
36.858982,-122.02771,True,,2024-09-05,11:21:27,,11:21:27,America/Los_Angeles,1171394,https://au-hw-media-t.happywhale.com/2869540a-2ad0-4c42-8b3c-3f48380d8765.jpg,IMAGE,https://au-hw-media-m.happywhale.com/2869540a-2ad0-4c42-8b3c-3f48380d8765.jpg,490196,PRECISE,GPS_TRACK,PUBLIC_DOMAIN,1,1,[None],True,"California, United States",humpback_whale,1725487200000
36.842288,-121.978315,True,,2024-09-05,10:34:33,,10:34:38,-07:00,1171462,https://au-hw-media-t.happywhale.com/c1cf0417-6773-4587-bf35-c36cc48056c2.jpg,IMAGE,https://au-hw-media-m.happywhale.com/c1cf0417-6773-4587-bf35-c36cc48056c2.jpg,490216,PRECISE,CAMERA,PUBLIC_DOMAIN,1,1,[None],True,"California, United States",humpback_whale,1725487200000
36.858288,-122.027612,True,,2024-09-05,11:13:32,,11:13:32,-07:00,1171440,https://au-hw-media-t.happywhale.com/e5f7e6fc-b049-43d5-9b45-72306675cc2c.jpg,IMAGE,https://au-hw-media-m.happywhale.com/e5f7e6fc-b049-43d5-9b45-72306675cc2c.jpg,490237,PRECISE,CAMERA,PUBLIC_DOMAIN,1,1,[None],True,"California, United States",humpback_whale,1725487200000
36.859657,-122.029187,True,,2024-09-05,11:24:26,,11:24:26,-07:00,1171446,https://au-hw-media-t.happywhale.com/416f181d-caf6-40c6-ae6a-964e955f2b44.jpg,IMAGE,https://au-hw-media-m.happywhale.com/416f181d-caf6-40c6-ae6a-964e955f2b44.jpg,490238,PRECISE,CAMERA,PUBLIC_DOMAIN,1,1,[None],True,"California, United States",humpback_whale,1725487200000
36.859575,-122.029043,True,,2024-09-05,11:26:13,,11:26:13,America/Los_Angeles,1171395,https://au-hw-media-t.happywhale.com/f4bb9cd8-c053-4bfd-be42-89b6e18ef4d3.jpg,IMAGE,https://au-hw-media-m.happywhale.com/f4bb9cd8-c053-4bfd-be42-89b6e18ef4d3.jpg,490197,PRECISE,GPS_TRACK,PUBLIC_DOMAIN,1,1,[None],True,"California, United States",humpback_whale,1725487200000
36.85945,-122.028792,True,,2024-09-05,11:27:14,,11:27:14,America/Los_Angeles,1171396,https://au-hw-media-t.happywhale.com/0bd6c434-6aa7-48c5-8599-d1508c10e8d8.jpg,IMAGE,https://au-hw-media-m.happywhale.com/0bd6c434-6aa7-48c5-8599-d1508c10e8d8.jpg,490198,PRECISE,GPS_TRACK,PUBLIC_DOMAIN,1,1,[None],True,"California, United States",humpback_whale,1725487200000
36.846352,-121.990948,True,,2024-09-05,11:50:49,,11:50:49,America/Los_Angeles,1171391,https://au-hw-media-t.happywhale.com/9bf2ae47-e910-4e8f-bed7-f771fdb04df6.jpg,IMAGE,https://au-hw-media-m.happywhale.com/9bf2ae47-e910-4e8f-bed7-f771fdb04df6.jpg,490199,PRECISE,GPS_TRACK,PUBLIC_DOMAIN,1,1,[None],True,"California, United States",humpback_whale,1725487200000
36.8,-122.0,True,,2024-09-05,09:00:00,,12:30:00,+01:00,1173164,https://au-hw-media-t.happywhale.com/abe6fb60-0288-4167-ba58-deca299cd7af.jpg,IMAGE,https://au-hw-media-m.happywhale.com/abe6fb60-0288-4167-ba58-deca299cd7af.jpg,490531,GENERAL,,PUBLIC_DOMAIN,1,1,[None],True,"California, United States",humpback_whale,1725487200000
36.8,-122.0,True,,2024-09-05,09:00:00,,12:30:00,+01:00,1173165,https://au-hw-media-t.happywhale.com/7279f08d-d157-4b5e-8192-b495c3488a5b.jpg,IMAGE,https://au-hw-media-m.happywhale.com/7279f08d-d157-4b5e-8192-b495c3488a5b.jpg,490532,GENERAL,,PUBLIC_DOMAIN,1,1,[None],True,"California, United States",humpback_whale,1725487200000
36.782358,-121.861243,True,,2024-09-06,11:36:02,,11:37:03,-07:00,1171703,https://au-hw-media-t.happywhale.com/fb1a1c71-b069-4193-a4ff-825854e25055.jpg,IMAGE,https://au-hw-media-m.happywhale.com/fb1a1c71-b069-4193-a4ff-825854e25055.jpg,490550,PRECISE,CAMERA,PUBLIC_DOMAIN,1,1,[None],True,"California, United States",humpback_whale,1725573600000
36.7913,-121.845777,True,,2024-09-06,10:56:35,,10:56:35,-07:00,1171702,https://au-hw-media-t.happywhale.com/5c2ac9d3-0103-487f-9cc9-f5351309a889.jpg,IMAGE,https://au-hw-media-m.happywhale.com/5c2ac9d3-0103-487f-9cc9-f5351309a889.jpg,490549,PRECISE,CAMERA,PUBLIC_DOMAIN,1,1,[None],True,"California, United States",humpback_whale,1725573600000
36.782677,-121.860468,True,,2024-09-06,11:37:03,,11:37:03,-07:00,1171704,https://au-hw-media-t.happywhale.com/10961cd8-5b32-412f-8b45-509b6729ec6d.jpg,IMAGE,https://au-hw-media-m.happywhale.com/10961cd8-5b32-412f-8b45-509b6729ec6d.jpg,490551,PRECISE,CAMERA,PUBLIC_DOMAIN,1,1,[None],True,"California, United States",humpback_whale,1725573600000
36.789948,-121.84232,True,,2024-09-06,10:52:48,,10:56:35,-07:00,1171701,https://au-hw-media-t.happywhale.com/d4c645fc-443b-4d38-911e-575469456f9a.jpg,IMAGE,https://au-hw-media-m.happywhale.com/d4c645fc-443b-4d38-911e-575469456f9a.jpg,490548,PRECISE,CAMERA,PUBLIC_DOMAIN,1,1,[None],True,"California, United States",humpback_whale,1725573600000
36.787,-121.858982,True,,2024-09-06,11:44:02,,11:46:07,-07:00,1171705,https://au-hw-media-t.happywhale.com/f8aaa791-b113-4cab-8a91-90a8b12b5f87.jpg,IMAGE,https://au-hw-media-m.happywhale.com/f8aaa791-b113-4cab-8a91-90a8b12b5f87.jpg,490552,PRECISE,CAMERA,PUBLIC_DOMAIN,1,1,[None],True,"California, United States",humpback_whale,1725573600000
36.78764,-121.860068,True,,2024-09-06,11:46:07,,11:46:07,-07:00,1171706,https://au-hw-media-t.happywhale.com/f379513b-7970-4798-966c-9b1d017e35a5.jpg,IMAGE,https://au-hw-media-m.happywhale.com/f379513b-7970-4798-966c-9b1d017e35a5.jpg,490553,PRECISE,CAMERA,PUBLIC_DOMAIN,1,1,[None],True,"California, United States",humpback_whale,1725573600000
36.714688,-121.982682,True,,2024-09-07,10:27:06,,10:27:06,-07:00,1172058,https://au-hw-media-t.happywhale.com/e24ea764-8818-4399-8295-1e4d657cfb53.jpg,IMAGE,https://au-hw-media-m.happywhale.com/e24ea764-8818-4399-8295-1e4d657cfb53.jpg,490640,PRECISE,MANUAL,PUBLIC_DOMAIN,1,1,[None],True,"California, United States",humpback_whale,1725660000000
36.714688,-121.982682,True,,2024-09-07,10:38:32,,10:38:33,-07:00,1172060,https://au-hw-media-t.happywhale.com/78ea31f5-443f-45db-b2af-6a668075bc0e.jpg,IMAGE,https://au-hw-media-m.happywhale.com/78ea31f5-443f-45db-b2af-6a668075bc0e.jpg,490641,PRECISE,MANUAL,PUBLIC_DOMAIN,1,1,[None],True,"California, United States",humpback_whale,1725660000000
36.656622,-121.980381,True,,2024-09-07,16:35:10,,16:35:10,-07:00,1172194,https://au-hw-media-t.happywhale.com/9c6ee668-45e7-4339-abc7-c3d1af542bca.jpg,IMAGE,https://au-hw-media-m.happywhale.com/9c6ee668-45e7-4339-abc7-c3d1af542bca.jpg,490629,PRECISE,CAMERA,PUBLIC_DOMAIN,1,1,[None],True,"California, United States",humpback_whale,1725660000000
36.656622,-121.980381,True,,2024-09-07,16:34:27,,16:34:27,-07:00,1172193,https://au-hw-media-t.happywhale.com/164408ee-cc65-4803-a15a-e0debfefaf21.jpg,IMAGE,https://au-hw-media-m.happywhale.com/164408ee-cc65-4803-a15a-e0debfefaf21.jpg,490628,PRECISE,CAMERA,PUBLIC_DOMAIN,1,1,[None],True,"California, United States",humpback_whale,1725660000000
36.656622,-121.980381,True,,2024-09-07,16:37:01,,16:37:01,-07:00,1172195,https://au-hw-media-t.happywhale.com/37a9437c-e7d2-4b81-b5d8-b3b719440d5c.jpg,IMAGE,https://au-hw-media-m.happywhale.com/37a9437c-e7d2-4b81-b5d8-b3b719440d5c.jpg,490630,PRECISE,CAMERA,PUBLIC_DOMAIN,1,1,[None],True,"California, United States",humpback_whale,1725660000000
36.67662,-121.960602,True,,2024-09-07,11:10:28,,11:10:28,-07:00,1172184,https://au-hw-media-t.happywhale.com/d88b795f-6c8e-4364-bf74-71c47a9be5bb.jpg,IMAGE,https://au-hw-media-m.happywhale.com/d88b795f-6c8e-4364-bf74-71c47a9be5bb.jpg,490627,PRECISE,MOBILE_DEVICE,PUBLIC_DOMAIN,1,1,[None],True,"California, United States",humpback_whale,1725660000000
36.8,-122.0,True,,2024-09-07,11:55:25,,11:55:25,-07:00,1173428,https://au-hw-media-t.happywhale.com/a4fe3410-ae25-40a5-9db3-4066457278de.jpg,IMAGE,https://au-hw-media-m.happywhale.com/a4fe3410-ae25-40a5-9db3-4066457278de.jpg,490714,GENERAL,,PUBLIC_DOMAIN,1,1,[None],True,"California, United States",humpback_whale,1725660000000
36.799346,-121.826019,True,,2024-09-07,09:54:19,,09:54:19,-08:00,1173627,https://au-hw-media-t.happywhale.com/d8547433-9647-4173-939f-1e4d624fc0d7.jpg,IMAGE,https://au-hw-media-m.happywhale.com/d8547433-9647-4173-939f-1e4d624fc0d7.jpg,490932,APPROX,,PUBLIC_DOMAIN,1,1,[None],True,"California, United States",humpback_whale,1725660000000
36.781517,-121.882324,True,,2024-09-07,09:54:31,,09:54:31,-08:00,1173628,https://au-hw-media-t.happywhale.com/f051292c-5684-4a0a-a940-851c3423bfea.jpg,IMAGE,https://au-hw-media-m.happywhale.com/f051292c-5684-4a0a-a940-851c3423bfea.jpg,490933,APPROX,,PUBLIC_DOMAIN,1,1,[None],True,"California, United States",humpback_whale,1725660000000
36.857,-121.986,True,,2024-09-07,14:49:35.39,,14:49:35.72,America/Los_Angeles,1173786,https://au-hw-media-t.happywhale.com/2de6a5e0-2eca-4286-8731-18652a9096bf.jpg,IMAGE,https://au-hw-media-m.happywhale.com/2de6a5e0-2eca-4286-8731-18652a9096bf.jpg,490808,APPROX,,PUBLIC_DOMAIN,1,1,[None],True,"California, United States",humpback_whale,1725660000000
36.8,-122.0,True,,2024-09-07,09:00:00,,12:00:00,America/Los_Angeles,1174780,https://au-hw-media-t.happywhale.com/74bf80aa-bd25-45b7-b35a-2e45c5ae81e4.jpg,IMAGE,https://au-hw-media-m.happywhale.com/74bf80aa-bd25-45b7-b35a-2e45c5ae81e4.jpg,491089,GENERAL,,PUBLIC_DOMAIN,1,1,[None],True,"California, United States",humpback_whale,1725660000000
36.8,-122.0,True,,2024-09-07,11:54:49,,11:58:36,-07:00,1173429,https://au-hw-media-t.happywhale.com/84727ede-a569-4fcf-8d13-1cd3a0cb8e49.jpg,IMAGE,https://au-hw-media-m.happywhale.com/84727ede-a569-4fcf-8d13-1cd3a0cb8e49.jpg,490716,GENERAL,,PUBLIC_DOMAIN,1,1,[None],True,"California, United States",humpback_whale,1725660000000
36.668167,-121.993452,True,,2024-09-08,12:52:28,,12:52:31,-07:00,1172845,https://au-hw-media-t.happywhale.com/fa82d9af-8387-4c50-b941-a901f71c7a61.jpg,IMAGE,https://au-hw-media-m.happywhale.com/fa82d9af-8387-4c50-b941-a901f71c7a61.jpg,490433,PRECISE,CAMERA,CC_BY_SA,1,1,[None],True,"California, United States",humpback_whale,1725746400000
36.69579,-121.973745,True,,2024-09-08,12:15:25,,12:15:25,-07:00,1173330,https://au-hw-media-t.happywhale.com/3d9a7546-2769-403a-874d-ca3e9eac5adc.jpg,IMAGE,https://au-hw-media-m.happywhale.com/3d9a7546-2769-403a-874d-ca3e9eac5adc.jpg,490634,PRECISE,CAMERA,CC_BY_SA,1,1,[None],True,"California, United States",humpback_whale,1725746400000
36.655036,-121.988556,True,,2024-09-08,10:39:11,,10:39:11,-07:00,1172660,https://au-hw-media-t.happywhale.com/6009cda7-74e0-4dba-8d05-272aef9539dc.jpg,IMAGE,https://au-hw-media-m.happywhale.com/6009cda7-74e0-4dba-8d05-272aef9539dc.jpg,490655,PRECISE,CAMERA,PUBLIC_DOMAIN,1,1,[None],True,"California, United States",humpback_whale,1725746400000
36.788872,-121.827155,True,,2024-09-08,09:28:12,,09:28:12,-07:00,1173760,https://au-hw-media-t.happywhale.com/245ec9b6-c399-433c-8e65-c7dbca47fc24.jpg,IMAGE,https://au-hw-media-m.happywhale.com/245ec9b6-c399-433c-8e65-c7dbca47fc24.jpg,490752,PRECISE,CAMERA,PUBLIC_DOMAIN,1,1,[None],True,"California, United States",humpback_whale,1725746400000
36.793868,-121.839638,True,,2024-09-08,09:53:54,,09:53:54,-07:00,1173434,https://au-hw-media-t.happywhale.com/74b50b5c-585e-4ba1-a387-ddd247830924.jpg,IMAGE,https://au-hw-media-m.happywhale.com/74b50b5c-585e-4ba1-a387-ddd247830924.jpg,490753,PRECISE,CAMERA,PUBLIC_DOMAIN,1,1,[None],True,"California, United States",humpback_whale,1725746400000
36.859148,-122.007592,True,,2024-09-08,11:12:57,,11:12:57,-07:00,1173435,https://au-hw-media-t.happywhale.com/8776737e-3b98-4217-969d-b581b55ea349.jpg,IMAGE,https://au-hw-media-m.happywhale.com/8776737e-3b98-4217-969d-b581b55ea349.jpg,490754,PRECISE,CAMERA,PUBLIC_DOMAIN,1,1,[None],True,"California, United States",humpback_whale,1725746400000
36.850405,-122.006808,True,,2024-09-08,11:35:26,,11:35:26,-07:00,1173436,https://au-hw-media-t.happywhale.com/c5014c0a-ab70-41ce-86a0-2d3fa5eb7d16.jpg,IMAGE,https://au-hw-media-m.happywhale.com/c5014c0a-ab70-41ce-86a0-2d3fa5eb7d16.jpg,490755,PRECISE,CAMERA,PUBLIC_DOMAIN,1,1,[None],True,"California, United States",humpback_whale,1725746400000
36.844965,-121.963655,True,,2024-09-08,11:49:07,,11:49:40,-07:00,1173438,https://au-hw-media-t.happywhale.com/bf258a2a-ee73-4ad0-a32a-7dcb1003b2cf.jpg,IMAGE,https://au-hw-media-m.happywhale.com/bf258a2a-ee73-4ad0-a32a-7dcb1003b2cf.jpg,490756,PRECISE,CAMERA,PUBLIC_DOMAIN,1,1,[None],True,"California, United States",humpback_whale,1725746400000
36.844965,-121.963655,True,,2024-09-08,11:49:07,,11:49:07,-07:00,1173437,https://au-hw-media-t.happywhale.com/5d3128b4-4e32-4217-9986-bcd6c19796b1.jpg,IMAGE,https://au-hw-media-m.happywhale.com/5d3128b4-4e32-4217-9986-bcd6c19796b1.jpg,490757,PRECISE,CAMERA,PUBLIC_DOMAIN,1,1,[None],True,"California, United States",humpback_whale,1725746400000
36.841272,-121.9434,True,,2024-09-08,11:55:43,,11:58:29,-07:00,1173440,https://au-hw-media-t.happywhale.com/89ef855e-791d-46d6-b0ae-99f7c4f2284f.jpg,IMAGE,https://au-hw-media-m.happywhale.com/89ef855e-791d-46d6-b0ae-99f7c4f2284f.jpg,490758,PRECISE,CAMERA,PUBLIC_DOMAIN,1,1,[None],True,"California, United States",humpback_whale,1725746400000
36.843222,-121.94623,True,,2024-09-08,11:55:43,,11:55:43,-07:00,1173439,https://au-hw-media-t.happywhale.com/04ef618e-3e8b-4be0-8854-c3477e14776f.jpg,IMAGE,https://au-hw-media-m.happywhale.com/04ef618e-3e8b-4be0-8854-c3477e14776f.jpg,490759,PRECISE,CAMERA,PUBLIC_DOMAIN,1,1,[None],True,"California, United States",humpback_whale,1725746400000
36.835807,-121.940262,True,,2024-09-08,12:09:29,,12:11:42,-07:00,1173762,https://au-hw-media-t.happywhale.com/f2db3848-5e6d-489d-8756-128d0aef75bf.jpg,IMAGE,https://au-hw-media-m.happywhale.com/f2db3848-5e6d-489d-8756-128d0aef75bf.jpg,490760,PRECISE,CAMERA,PUBLIC_DOMAIN,1,1,[None],True,"California, United States",humpback_whale,1725746400000
36.836835,-121.939883,True,,2024-09-08,12:09:29,,12:09:29,-07:00,1173761,https://au-hw-media-t.happywhale.com/9157c806-c620-44ba-8fad-0abc87b60d6b.jpg,IMAGE,https://au-hw-media-m.happywhale.com/9157c806-c620-44ba-8fad-0abc87b60d6b.jpg,490761,PRECISE,CAMERA,PUBLIC_DOMAIN,1,1,[None],True,"California, United States",humpback_whale,1725746400000
36.835807,-121.940262,True,,2024-09-08,12:11:24,,12:11:24,-07:00,1173443,https://au-hw-media-t.happywhale.com/1dbb0baf-78c2-4c20-a8e0-a29252ad8417.jpg,IMAGE,https://au-hw-media-m.happywhale.com/1dbb0baf-78c2-4c20-a8e0-a29252ad8417.jpg,490763,PRECISE,CAMERA,PUBLIC_DOMAIN,1,1,[None],True,"California, United States",humpback_whale,1725746400000
36.656478,-121.996858,True,,2024-09-08,16:18:55,,16:18:55,-07:00,1173450,https://au-hw-media-t.happywhale.com/b5b508ae-8cb1-40f4-9e8f-a44cfde8d524.jpg,IMAGE,https://au-hw-media-m.happywhale.com/b5b508ae-8cb1-40f4-9e8f-a44cfde8d524.jpg,490765,PRECISE,CAMERA,PUBLIC_DOMAIN,1,1,[None],True,"California, United States",humpback_whale,1725746400000
36.676142,-121.99613,True,,2024-09-08,16:36:16,,16:39:56,-07:00,1173452,https://au-hw-media-t.happywhale.com/9c09da3a-f8bc-4593-af12-80e267a3cca1.jpg,IMAGE,https://au-hw-media-m.happywhale.com/9c09da3a-f8bc-4593-af12-80e267a3cca1.jpg,490766,PRECISE,CAMERA,PUBLIC_DOMAIN,1,1,[None],True,"California, United States",humpback_whale,1725746400000
36.67353,-121.994273,True,,2024-09-08,16:36:16,,16:36:16,-07:00,1173451,https://au-hw-media-t.happywhale.com/b00d6346-5eb4-49ca-b3fe-bceaeb96cb21.jpg,IMAGE,https://au-hw-media-m.happywhale.com/b00d6346-5eb4-49ca-b3fe-bceaeb96cb21.jpg,490767,PRECISE,CAMERA,PUBLIC_DOMAIN,1,1,[None],True,"California, United States",humpback_whale,1725746400000
36.836417,-121.939948,True,,2024-09-08,12:10:46,,12:10:46,-07:00,1173442,https://au-hw-media-t.happywhale.com/12dd6080-ce22-4657-89c6-757ee586d663.jpg,IMAGE,https://au-hw-media-m.happywhale.com/12dd6080-ce22-4657-89c6-757ee586d663.jpg,490762,PRECISE,CAMERA,PUBLIC_DOMAIN,1,1,[None],True,"California, United States",humpback_whale,1725746400000
36.672652,-122.029522,True,,2024-09-08,17:20:43,,17:20:43,-07:00,1173454,https://au-hw-media-t.happywhale.com/7789bfb7-2035-4631-8280-3a5a9b93c9c8.jpg,IMAGE,https://au-hw-media-m.happywhale.com/7789bfb7-2035-4631-8280-3a5a9b93c9c8.jpg,490770,PRECISE,CAMERA,PUBLIC_DOMAIN,1,1,[None],True,"California, United States",humpback_whale,1725746400000
36.678967,-122.00501,True,,2024-09-08,16:54:45,,16:54:45,-07:00,1173453,https://au-hw-media-t.happywhale.com/003f0347-2213-41a0-9204-cc23be5be747.jpg,IMAGE,https://au-hw-media-m.happywhale.com/003f0347-2213-41a0-9204-cc23be5be747.jpg,490768,PRECISE,CAMERA,PUBLIC_DOMAIN,1,1,[None],True,"California, United States",humpback_whale,1725746400000
36.672652,-122.029522,True,,2024-09-08,17:20:43,,17:20:55,-07:00,1173764,https://au-hw-media-t.happywhale.com/14dc1233-c90a-41fa-92b8-fb437bedd30c.jpg,IMAGE,https://au-hw-media-m.happywhale.com/14dc1233-c90a-41fa-92b8-fb437bedd30c.jpg,490769,PRECISE,CAMERA,PUBLIC_DOMAIN,1,1,[None],True,"California, United States",humpback_whale,1725746400000
36.802478,-121.845658,True,,2024-09-08,08:58:57,,08:58:57,-07:00,1173934,https://au-hw-media-t.happywhale.com/102f1df8-4f3e-47c8-b345-9cc68fff242a.jpg,IMAGE,https://au-hw-media-m.happywhale.com/102f1df8-4f3e-47c8-b345-9cc68fff242a.jpg,490894,PRECISE,CAMERA,PUBLIC_DOMAIN,1,1,[None],True,"California, United States",humpback_whale,1725746400000
36.667997,-121.994338,True,,2024-09-08,12:39:40,,12:42:04,-07:00,1172907,https://au-hw-media-t.happywhale.com/efbca769-6711-4d09-973b-818725fb870e.jpg,IMAGE,https://au-hw-media-m.happywhale.com/efbca769-6711-4d09-973b-818725fb870e.jpg,490440,PRECISE,CAMERA,CC_BY_SA,1,1,[None],True,"California, United States",humpback_whale,1725746400000
36.669735,-121.996687,True,,2024-09-08,12:39:40,,12:39:40,-07:00,1172905,https://au-hw-media-t.happywhale.com/52c60a4d-85a9-4e75-b284-ee74513eea71.jpg,IMAGE,https://au-hw-media-m.happywhale.com/52c60a4d-85a9-4e75-b284-ee74513eea71.jpg,490441,PRECISE,CAMERA,CC_BY_SA,1,1,[None],True,"California, United States",humpback_whale,1725746400000
36.626771,-121.876316,True,,2024-09-08,11:27:59,,11:27:59,-08:00,1173616,https://au-hw-media-t.happywhale.com/b8456c33-8537-454d-bebd-cd5aa7f31142.jpg,IMAGE,https://au-hw-media-m.happywhale.com/b8456c33-8537-454d-bebd-cd5aa7f31142.jpg,490927,APPROX,,PUBLIC_DOMAIN,1,1,[None],True,"California, United States",humpback_whale,1725746400000
36.737165,-121.953735,True,,2024-09-08,11:34:28,,11:34:28,-08:00,1173623,https://au-hw-media-t.happywhale.com/0ccf0ffa-d68c-4cf1-8876-632fcea0d755.jpg,IMAGE,https://au-hw-media-m.happywhale.com/0ccf0ffa-d68c-4cf1-8876-632fcea0d755.jpg,490928,APPROX,,PUBLIC_DOMAIN,1,1,[None],True,"California, United States",humpback_whale,1725746400000
36.7866,-121.8278,True,,2024-09-08,09:53:00,,10:00:00,America/Los_Angeles,1174134,https://au-hw-media-t.happywhale.com/869bbfba-9dd5-4aef-9624-410c175c05df.jpg,IMAGE,https://au-hw-media-m.happywhale.com/869bbfba-9dd5-4aef-9624-410c175c05df.jpg,490977,APPROX,,PUBLIC_DOMAIN,1,1,[None],True,"California, United States",humpback_whale,1725746400000
36.606214,-122.033211,True,,2024-09-09,15:34:25,,15:34:25,-07:00,1173549,https://au-hw-media-t.happywhale.com/23dba629-3bb4-478c-9c2d-81d40d92f166.jpg,IMAGE,https://au-hw-media-m.happywhale.com/23dba629-3bb4-478c-9c2d-81d40d92f166.jpg,490727,PRECISE,CAMERA,PUBLIC_DOMAIN,1,1,[None],True,"California, United States",humpback_whale,1725832800000
36.623928,-122.013372,True,,2024-09-09,15:48:09,,15:48:09,-07:00,1173551,https://au-hw-media-t.happywhale.com/4d8a628c-6a32-4845-a27c-5b64e9965468.jpg,IMAGE,https://au-hw-media-m.happywhale.com/4d8a628c-6a32-4845-a27c-5b64e9965468.jpg,490728,PRECISE,CAMERA,PUBLIC_DOMAIN,1,1,[None],True,"California, United States",humpback_whale,1725832800000
36.798298,-121.808335,True,,2024-09-09,09:16:27,,09:16:27,-07:00,1173461,https://au-hw-media-t.happywhale.com/45f89314-e68b-4b08-abb0-108d29e646d5.jpg,IMAGE,https://au-hw-media-m.happywhale.com/45f89314-e68b-4b08-abb0-108d29e646d5.jpg,490772,PRECISE,CAMERA,PUBLIC_DOMAIN,1,1,[None],True,"California, United States",humpback_whale,1725832800000
36.78376,-121.901538,True,,2024-09-09,09:46:00,,09:46:00,-07:00,1173462,https://au-hw-media-t.happywhale.com/97e2706a-bfd7-4d01-8319-95fe3376ca69.jpg,IMAGE,https://au-hw-media-m.happywhale.com/97e2706a-bfd7-4d01-8319-95fe3376ca69.jpg,490774,PRECISE,CAMERA,PUBLIC_DOMAIN,1,1,[None],True,"California, United States",humpback_whale,1725832800000
36.797818,-121.913445,True,,2024-09-09,10:06:38,,10:06:38,-07:00,1173765,https://au-hw-media-t.happywhale.com/0c6a4d29-cb51-477e-be28-859d3c4cad4f.jpg,IMAGE,https://au-hw-media-m.happywhale.com/0c6a4d29-cb51-477e-be28-859d3c4cad4f.jpg,490775,PRECISE,CAMERA,PUBLIC_DOMAIN,1,1,[None],True,"California, United States",humpback_whale,1725832800000
36.778772,-121.958385,True,,2024-09-09,10:35:00,,10:38:17,-07:00,1173467,https://au-hw-media-t.happywhale.com/58deacda-ed4c-4cc5-8067-732a69fd7083.jpg,IMAGE,https://au-hw-media-m.happywhale.com/58deacda-ed4c-4cc5-8067-732a69fd7083.jpg,490776,PRECISE,CAMERA,PUBLIC_DOMAIN,1,1,[None],True,"California, United States",humpback_whale,1725832800000
36.780257,-121.961273,True,,2024-09-09,10:35:00,,10:35:00,-07:00,1173465,https://au-hw-media-t.happywhale.com/71eb4f2f-3a02-429d-8a1c-5ae720aad079.jpg,IMAGE,https://au-hw-media-m.happywhale.com/71eb4f2f-3a02-429d-8a1c-5ae720aad079.jpg,490777,PRECISE,CAMERA,PUBLIC_DOMAIN,1,1,[None],True,"California, United States",humpback_whale,1725832800000
36.790927,-121.945802,True,,2024-09-09,10:58:52,,10:58:52,-07:00,1173468,https://au-hw-media-t.happywhale.com/73ff0fb9-a2b8-4e44-b747-bc3d23555da9.jpg,IMAGE,https://au-hw-media-m.happywhale.com/73ff0fb9-a2b8-4e44-b747-bc3d23555da9.jpg,490780,PRECISE,CAMERA,PUBLIC_DOMAIN,1,1,[None],True,"California, United States",humpback_whale,1725832800000
36.641636,-122.00798,True,,2024-09-09,12:37:14,,12:40:02,-07:00,1174727,https://au-hw-media-t.happywhale.com/4946e017-10ea-4653-baa6-c3a09eef7b49.jpg,IMAGE,https://au-hw-media-m.happywhale.com/4946e017-10ea-4653-baa6-c3a09eef7b49.jpg,491069,GENERAL,,PUBLIC_DOMAIN,1,1,[None],True,"California, United States",humpback_whale,1725832800000
36.8,-122.0,True,,2024-09-09,,,11:10:00,America/Los_Angeles,1174803,https://au-hw-media-t.happywhale.com/e61baefe-4d2c-43c9-873a-537ba2da6d06.jpg,IMAGE,https://au-hw-media-m.happywhale.com/e61baefe-4d2c-43c9-873a-537ba2da6d06.jpg,491094,GENERAL,,PUBLIC_DOMAIN,1,1,[None],True,"California, United States",humpback_whale,1725832800000
36.797165,-121.81359,True,,2024-09-09,09:17:36,,09:17:36,-07:00,1173479,https://au-hw-media-t.happywhale.com/0cd3d47e-94f4-442e-b23e-11a57c7d9052.jpg,IMAGE,https://au-hw-media-m.happywhale.com/0cd3d47e-94f4-442e-b23e-11a57c7d9052.jpg,490788,PRECISE,CAMERA,PUBLIC_DOMAIN,1,1,[None],True,"California, United States",humpback_whale,1725832800000
36.78376,-121.901538,True,,2024-09-09,09:46:00,,09:46:24,-07:00,1173463,https://au-hw-media-t.happywhale.com/b66f44f1-ed1e-4b44-9df6-a89f604abe0d.jpg,IMAGE,https://au-hw-media-m.happywhale.com/b66f44f1-ed1e-4b44-9df6-a89f604abe0d.jpg,490773,PRECISE,CAMERA,PUBLIC_DOMAIN,1,1,[None],True,"California, United States",humpback_whale,1725832800000
36.778772,-121.958385,True,,2024-09-09,10:37:55,,10:37:55,-07:00,1173466,https://au-hw-media-t.happywhale.com/e7f4a2ec-0c9e-41f2-9c54-0934bf2f9aca.jpg,IMAGE,https://au-hw-media-m.happywhale.com/e7f4a2ec-0c9e-41f2-9c54-0934bf2f9aca.jpg,490778,PRECISE,CAMERA,PUBLIC_DOMAIN,1,1,[None],True,"California, United States",humpback_whale,1725832800000
36.790927,-121.945802,True,,2024-09-09,10:58:52,,10:59:10,-07:00,1173469,https://au-hw-media-t.happywhale.com/1c73837f-ecd8-40a6-9645-96c946662391.jpg,IMAGE,https://au-hw-media-m.happywhale.com/1c73837f-ecd8-40a6-9645-96c946662391.jpg,490779,PRECISE,CAMERA,PUBLIC_DOMAIN,1,1,[None],True,"California, United States",humpback_whale,1725832800000
36.8,-122.0,True,,2024-09-09,10:26:42,,10:26:42,-07:00,1173989,https://au-hw-media-t.happywhale.com/4cc90660-91b7-4ced-b4d6-38cc7f9083d5.jpg,IMAGE,https://au-hw-media-m.happywhale.com/4cc90660-91b7-4ced-b4d6-38cc7f9083d5.jpg,490913,GENERAL,,PUBLIC_DOMAIN,1,1,[None],True,"California, United States",humpback_whale,1725832800000
36.8,-122.0,True,,2024-09-09,11:14:09,,11:14:09,-07:00,1173990,https://au-hw-media-t.happywhale.com/20ca1800-5a69-4812-9933-cd2c937ab6a8.jpg,IMAGE,https://au-hw-media-m.happywhale.com/20ca1800-5a69-4812-9933-cd2c937ab6a8.jpg,490914,GENERAL,,PUBLIC_DOMAIN,1,1,[None],True,"California, United States",humpback_whale,1725832800000
36.8,-122.0,True,,2024-09-09,10:08:47,,10:08:47,-07:00,1173524,https://au-hw-media-t.happywhale.com/a382eca0-46ea-429c-a8d8-f3fe1edec893.jpg,IMAGE,https://au-hw-media-m.happywhale.com/a382eca0-46ea-429c-a8d8-f3fe1edec893.jpg,490912,GENERAL,,PUBLIC_DOMAIN,1,1,[None],True,"California, United States",humpback_whale,1725832800000
36.8,-122.0,True,,2024-09-09,11:00:23,,11:00:26,-07:00,1174137,https://au-hw-media-t.happywhale.com/4568689f-5745-4d85-87f2-12c0c1fdb4f7.jpg,IMAGE,https://au-hw-media-m.happywhale.com/4568689f-5745-4d85-87f2-12c0c1fdb4f7.jpg,490980,GENERAL,,PUBLIC_DOMAIN,1,1,[None],True,"California, United States",humpback_whale,1725832800000
36.676165,-121.968586,True,,2024-09-10,11:31:31,,11:31:31,America/Los_Angeles,1174095,https://au-hw-media-t.happywhale.com/3c216077-382f-4547-9b5d-4bcd5d7b0155.jpg,IMAGE,https://au-hw-media-m.happywhale.com/3c216077-382f-4547-9b5d-4bcd5d7b0155.jpg,490969,PRECISE,GPS_TRACK,CC_BY_SA,1,1,[None],True,"California, United States",humpback_whale,1725919200000
36.667581,-121.965189,True,,2024-09-10,14:03:40,,14:06:38,-07:00,1174068,https://au-hw-media-t.happywhale.com/1c1fb4dc-4ba4-41c4-a9bf-b872c67b0fba.jpg,IMAGE,https://au-hw-media-m.happywhale.com/1c1fb4dc-4ba4-41c4-a9bf-b872c67b0fba.jpg,491020,PRECISE,CAMERA,PUBLIC_DOMAIN,1,1,[None],True,"California, United States",humpback_whale,1725919200000
36.667581,-121.965189,True,,2024-09-10,14:06:38,,14:06:38,-07:00,1174069,https://au-hw-media-t.happywhale.com/a74f8541-fdb5-45a3-a544-6eaeaf9130b2.jpg,IMAGE,https://au-hw-media-m.happywhale.com/a74f8541-fdb5-45a3-a544-6eaeaf9130b2.jpg,491021,PRECISE,CAMERA,PUBLIC_DOMAIN,1,1,[None],True,"California, United States",humpback_whale,1725919200000
36.790487,-121.855258,True,,2024-09-10,09:36:05,,09:36:05,-07:00,1174075,https://au-hw-media-t.happywhale.com/bf4e717e-dbae-42f0-a280-862993625264.jpg,IMAGE,https://au-hw-media-m.happywhale.com/bf4e717e-dbae-42f0-a280-862993625264.jpg,491061,PRECISE,CAMERA,PUBLIC_DOMAIN,1,1,[None],True,"California, United States",humpback_whale,1725919200000
36.770193,-121.904048,True,,2024-09-10,09:55:09,,09:55:09,-07:00,1174076,https://au-hw-media-t.happywhale.com/c0104e89-487b-4ff2-8963-fda69cd4cd74.jpg,IMAGE,https://au-hw-media-m.happywhale.com/c0104e89-487b-4ff2-8963-fda69cd4cd74.jpg,491062,PRECISE,CAMERA,PUBLIC_DOMAIN,1,1,[None],True,"California, United States",humpback_whale,1725919200000
36.622639,-122.048242,True,,2024-09-10,10:26:15,,10:26:16,-07:00,1173986,https://au-hw-media-t.happywhale.com/ff4b1b23-dec2-426d-952c-4c39cd201437.jpg,IMAGE,https://au-hw-media-m.happywhale.com/ff4b1b23-dec2-426d-952c-4c39cd201437.jpg,490953,PRECISE,CAMERA,PUBLIC_DOMAIN,1,1,[None],True,"California, United States",humpback_whale,1725919200000
36.677157,-121.970844,True,,2024-09-10,11:35:42,,11:35:42,America/Los_Angeles,1174099,https://au-hw-media-t.happywhale.com/4bb7ed3d-388b-488b-8f66-197c8854371b.jpg,IMAGE,https://au-hw-media-m.happywhale.com/4bb7ed3d-388b-488b-8f66-197c8854371b.jpg,490981,PRECISE,GPS_TRACK,CC_BY,1,1,[None],True,"California, United States",humpback_whale,1725919200000
36.79086,-121.852948,True,,2024-09-10,09:30:42,,09:30:42,America/Los_Angeles,1174219,https://au-hw-media-t.happywhale.com/1d1e3ba8-52ca-4a0f-863d-f81d63128baf.jpg,IMAGE,https://au-hw-media-m.happywhale.com/1d1e3ba8-52ca-4a0f-863d-f81d63128baf.jpg,491011,PRECISE,GPS_TRACK,PUBLIC_DOMAIN,1,1,[None],True,"California, United States",humpback_whale,1725919200000
36.76211,-121.948705,True,,2024-09-10,10:17:59,,10:17:59,America/Los_Angeles,1174220,https://au-hw-media-t.happywhale.com/6cb66001-7add-4aa3-a075-9d68f5b899fb.jpg,IMAGE,https://au-hw-media-m.happywhale.com/6cb66001-7add-4aa3-a075-9d68f5b899fb.jpg,491012,PRECISE,GPS_TRACK,PUBLIC_DOMAIN,1,1,[None],True,"California, United States",humpback_whale,1725919200000
36.77945,-121.965677,True,,2024-09-10,11:07:03,,11:10:02,America/Los_Angeles,1174224,https://au-hw-media-t.happywhale.com/e1aaf443-0e76-434a-aedf-fcdd710cb89e.jpg,IMAGE,https://au-hw-media-m.happywhale.com/e1aaf443-0e76-434a-aedf-fcdd710cb89e.jpg,491016,PRECISE,GPS_TRACK,PUBLIC_DOMAIN,1,1,[None],True,"California, United States",humpback_whale,1725919200000
36.759487,-121.956007,True,,2024-09-10,10:29:24,,10:31:13,America/Los_Angeles,1174223,https://au-hw-media-t.happywhale.com/9b11ea89-d16b-41e0-97c9-12466b383801.jpg,IMAGE,https://au-hw-media-m.happywhale.com/9b11ea89-d16b-41e0-97c9-12466b383801.jpg,491013,PRECISE,GPS_TRACK,PUBLIC_DOMAIN,1,1,[None],True,"California, United States",humpback_whale,1725919200000
36.75984,-121.954453,True,,2024-09-10,10:29:24,,10:29:24,America/Los_Angeles,1174221,https://au-hw-media-t.happywhale.com/81c7c19d-4bbd-4bac-8e63-3f91334ab967.jpg,IMAGE,https://au-hw-media-m.happywhale.com/81c7c19d-4bbd-4bac-8e63-3f91334ab967.jpg,491014,PRECISE,GPS_TRACK,PUBLIC_DOMAIN,1,1,[None],True,"California, United States",humpback_whale,1725919200000
36.759743,-121.954547,True,,2024-09-10,10:29:43,,10:29:43,America/Los_Angeles,1174222,https://au-hw-media-t.happywhale.com/efd4a3a3-5386-47f0-99a2-3a1fbb4a5b77.jpg,IMAGE,https://au-hw-media-m.happywhale.com/efd4a3a3-5386-47f0-99a2-3a1fbb4a5b77.jpg,491015,PRECISE,GPS_TRACK,PUBLIC_DOMAIN,1,1,[None],True,"California, United States",humpback_whale,1725919200000
36.775808,-121.965453,True,,2024-09-10,11:07:03,,11:07:03,America/Los_Angeles,1174218,https://au-hw-media-t.happywhale.com/cd84fdef-79a0-4d98-891d-308618f4cdda.jpg,IMAGE,https://au-hw-media-m.happywhale.com/cd84fdef-79a0-4d98-891d-308618f4cdda.jpg,491017,PRECISE,GPS_TRACK,PUBLIC_DOMAIN,1,1,[None],True,"California, United States",humpback_whale,1725919200000
36.778518,-121.967325,True,,2024-09-10,11:22:43,,11:22:43,America/Los_Angeles,1174225,https://au-hw-media-t.happywhale.com/3c26750e-c336-4086-81b8-4aa893c183a8.jpg,IMAGE,https://au-hw-media-m.happywhale.com/3c26750e-c336-4086-81b8-4aa893c183a8.jpg,491018,PRECISE,GPS_TRACK,PUBLIC_DOMAIN,1,1,[None],True,"California, United States",humpback_whale,1725919200000
