[{"state":{"code":"flowchart TD\n    A[fa:fa-calendar Inputs] --> B(fa:fa-globe Geometry Search)\n    A --> C(fa:fa-music Retrive Audio)\n    B --> C\n    C --> E(fa:fa-filter Filter Frequency)\n    E --> F(fa:fa-bullseye Classify Audio)\n    F --> G(fa:fa-tag Postprocess Labels)\n    G --> H[fa:fa-fish Output]\n    B --> H \n  ","mermaid":"{\n  \"theme\": \"default\"\n}","autoSync":true,"rough":false,"updateDiagram":false,"panZoom":false,"pan":{"x":302.18218659942363,"y":0},"zoom":0.9999999725257487,"editorMode":"code"},"time":1726314834573,"type":"auto","id":"80a09c2c-1234-44b0-9d16-aaaae58962ff","name":"yellow-nigeria"},{"state":{"code":"flowchart TD\n    A[fa:fa-calendar Inputs] --> B(fa:fa-globe Geometry Search)\n    A --> C(fa:fa-music Retrive Audio)\n    B --> C\n    C --> E(fa:fa-filter Filter Frequency)\n    E --> F(fa:fa-tag Classify Audio)\n    F --> G(fa:fa-map Postprocess Labels)\n    G --> H[fa:fa-fish Output]\n    B --> H \n  ","mermaid":"{\n  \"theme\": \"default\"\n}","autoSync":true,"rough":false,"updateDiagram":false,"panZoom":false,"pan":{"x":302.18218659942363,"y":0},"zoom":0.9999999725257487,"editorMode":"code"},"time":1726314774573,"type":"auto","id":"f17806f0-86f7-49d8-9cf7-a60e91cdaf16","name":"puny-lunch"},{"state":{"code":"flowchart TD\n    A[fa:fa-calendar Inputs] --> B(fa:fa-globe Geometry Search)\n    A --> C(fa:fa-music Retrive Audio)\n    B --> C\n    C --> E(fa:fa-filter Filter Frequency)\n    E --> F(fa:fa-tag Classify Audio)\n    F --> G(Postprocess Labels)\n    G --> H[fa:fa-fish Output]\n    B --> H \n  ","mermaid":"{\n  \"theme\": \"dark\"\n}","autoSync":true,"rough":false,"updateDiagram":false,"panZoom":false,"pan":{"x":302.18218659942363,"y":0},"zoom":0.9999999725257487,"editorMode":"code"},"time":1726314714578,"type":"auto","id":"abe11adf-0ebf-40f3-a97c-b82d77455145","name":"rich-apple"},{"state":{"code":"flowchart TD\n    A[fa:fa-calendar Inputs] --> B(fa:fa-globe Geometry Search)\n    A --> C(fa:fa-music Retrive Audio)\n    B --> C\n    C --> E(fa:fa-gate   Filter Frequency)\n    E --> F(Classify Audio)\n    F --> G(Postprocess Labels)\n    G --> H[fa:fa-fish Output]\n    B --> H \n  ","mermaid":"{\n  \"theme\": \"dark\"\n}","autoSync":true,"rough":false,"updateDiagram":false,"panZoom":false,"pan":{"x":302.18218659942363,"y":0},"zoom":0.9999999725257487,"editorMode":"code"},"time":1726314654572,"type":"auto","id":"6ac55d30-8244-4a7d-9928-16699958b045","name":"obnoxious-woman"},{"state":{"code":"flowchart TD\n    A[fa:fa-calendar Inputs] --> B(Geometry Search)\n    A --> C(Retrive Audio)\n    B --> C\n    C --> E(Filter Frequency)\n    E --> F(Classify Audio)\n    F --> G(Postprocess Labels)\n    G --> H[fa:fa-fish Output]\n    B --> H\n  ","mermaid":"{\n  \"theme\": \"dark\"\n}","autoSync":true,"rough":false,"updateDiagram":false,"panZoom":false,"pan":{"x":302.18218659942363,"y":0},"zoom":0.9999999725257487},"time":1726174988485,"type":"auto","id":"f501c97c-00e0-4f34-8be6-758b3bf36e97","name":"quaint-cpu"},{"state":{"code":"flowchart TD\n    A[Inputs] --> B(Geometry Search)\n    A --> C(Retrive Audio)\n    B --> C\n    C --> E(Filter Frequency)\n    E --> F(Classify Audio)\n    F --> G(Postprocess Labels)\n    G --> H[fa:fa-fish Output]\n    B --> H\n  ","mermaid":"{\n  \"theme\": \"dark\"\n}","autoSync":true,"rough":false,"updateDiagram":false,"panZoom":false,"pan":{"x":302.18218659942363,"y":0},"zoom":0.9999999725257487},"time":1726174928166,"type":"auto","id":"9afa49db-e080-493d-b3e8-80d0442cf901","name":"embarrassed-evening"},{"state":{"code":"flowchart TD\n    A[Inputs] --> B(Geometry Search)\n    A --> C(Retrive Audio)\n    B --> C\n    C --> E(Filter Frequency)\n    E --> F(Classify Audio)\n    F --> G(Postprocess Clips)\n    B --> H[Output]\n    G --> H\n    C -->|Three| F[fa:fa-fish Car]\n  ","mermaid":"{\n  \"theme\": \"dark\"\n}","autoSync":true,"rough":false,"updateDiagram":false,"panZoom":false,"pan":{"x":302.18218659942363,"y":0},"zoom":0.9999999725257487},"time":1726174868110,"type":"auto","id":"c5406a00-e37a-4988-9ac3-2cae3ad529d0","name":"moldy-branch"},{"state":{"code":"flowchart TD\n    A[Inputs] --> B(Geometry Search)\n    A --> C(Retrive Audio)\n    B --> C\n    C --> E(Filter Frequency)\n    E --> F(Classify Audio)\n    F --> G(Postprocess Clips)\n    B --> H[Output]\n    G --> H\n    %% C -->|Three| F[fa:fa-image Car]\n  ","mermaid":"{\n  \"theme\": \"dark\"\n}","autoSync":true,"rough":false,"updateDiagram":false,"panZoom":false,"pan":{"x":302.18218659942363,"y":0},"zoom":0.9999999725257487},"time":1726174808113,"type":"auto","id":"94befebd-1740-4eea-9add-b3a4d456683a","name":"strong-father"},{"state":{"code":"flowchart TD\n    A[Inputs] --> B(Geometry Search)\n    A --> C(Retrive Audio)\n    B --> C\n    C --> E(Filter Frequency)\n    E --> F(Classify Audio)\n    B --> H[Output]\n    G --> H\n    %% C -->|Three| F[fa:fa-image Car]\n  ","mermaid":"{\n  \"theme\": \"dark\"\n}","autoSync":true,"rough":false,"updateDiagram":false,"panZoom":false,"pan":{"x":302.18218659942363,"y":0},"zoom":0.9999999725257487},"time":1726174748112,"type":"auto","id":"8ddd6b83-8967-428d-a920-b07da7525483","name":"sour-zettabyte"},{"state":{"code":"flowchart TD\n    A[Inputs] --> B(Geometry Search)\n    A --> C(Audio Retrival)\n    B --> C\n    C --> E(Frequency Detection)\n    E --> F(Audio Classification)\n    F --> G(Audio Clips)\n    B --> H[Output]\n    G --> H\n    %% C -->|Two| E[iPhone]\n    %% C -->|Three| F[fa:fa-image Car]\n  ","mermaid":"{\n  \"theme\": \"dark\"\n}","autoSync":true,"rough":false,"updateDiagram":false,"panZoom":false,"pan":{"x":302.18218659942363,"y":0},"zoom":0.9999999725257487},"time":1726172906224,"type":"auto","id":"fa11762a-401e-49e3-a584-268598479e52","name":"loose-knife"},{"state":{"code":"flowchart TD\n    A[Inputs] --> B(Geometry Search)\n    A --> C(Audio Retrival)\n    B --> C\n    C --> E(Frequency Detection)\n    E --> F(Audio Classification)\n    F --> G(Audio Clips)\n    B --> H[Output]\n    G --> H\n    %% C -->|Two| E[iPhone]\n    %% C -->|Three| F[fa:fa-image Car]\n  ","mermaid":"{\n  \"theme\": \"dark\"\n}","autoSync":true,"rough":false,"updateDiagram":false,"panZoom":true,"pan":{"x":289.8924659991275,"y":57.030104204754096},"zoom":0.8936022236523117},"time":1726172846221,"type":"auto","id":"a9e1445d-a5cc-41f6-8e8e-9eeb7f0d02a2","name":"old-optician"},{"state":{"code":"flowchart TD\n    A[Inputs] --> B(Geometry Search)\n    A --> C(Audio Retrival)\n    B --> C\n    C --> E(Frequency Detection)\n    E --> F(Audio Classification)\n    F --> G(Audio Clips)\n    B --> H[Output]\n    G --> H\n    %% C -->|Two| E[iPhone]\n    %% C -->|Three| F[fa:fa-image Car]\n  ","mermaid":"{\n  \"theme\": \"dark\"\n}","autoSync":true,"rough":false,"updateDiagram":false,"panZoom":true},"time":1726172786221,"type":"auto","id":"edf676d2-a9d6-428b-b974-1a7cf755574d","name":"abandoned-midnight"},{"state":{"code":"flowchart TD\n    A[Inputs] --> B(Geometry Search)\n    A --> C(Audio Retrival)\n    B --> | windown aroudn sighting| C\n    C --> E(Frequency Detection)\n    E --> F(Audio Classification)\n    F --> G(Audio Clips)\n    B --> H[Output]\n    G --> H\n    %% C -->|Two| E[iPhone]\n    %% C -->|Three| F[fa:fa-image Car]\n  ","mermaid":"{\n  \"theme\": \"dark\"\n}","autoSync":true,"rough":false,"updateDiagram":false},"time":1726172726225,"type":"auto","id":"adb79b5b-498b-4c87-8d42-6fa81df6b784","name":"rancid-nest"},{"state":{"code":"flowchart TD\n    A[Inputs] --> B(Geometry Search)\n    B --> D(Sightings)\n    A --> C(Audio Retrival)\n    D --> C\n    C --> E(Frequency Detection)\n    D --> E\n    E --> F(Audio Classification)\n    F --> G(Audio Clips)\n    B --> H[Output]\n    G --> H\n    %% C -->|Two| E[iPhone]\n    %% C -->|Three| F[fa:fa-image Car]\n  ","mermaid":"{\n  \"theme\": \"dark\"\n}","autoSync":true,"rough":false,"updateDiagram":false},"time":1726172666223,"type":"auto","id":"1e8e08bc-7a3b-4e73-856f-f719bd152473","name":"whining-gold"},{"state":{"code":"flowchart TD\n    A[Inputs] --> B(Geometry Search)\n    A --> C(Audio Retrival)\n    B --> D(Sightings)\n    D --> C\n    C --> E(Frequency Detection)\n    D --> E\n    E --> F(Audio Classification)\n    F --> G(Audio Clips)\n    B --> H[Output]\n    G --> H\n    %% C -->|Two| E[iPhone]\n    %% C -->|Three| F[fa:fa-image Car]\n  ","mermaid":"{\n  \"theme\": \"dark\"\n}","autoSync":true,"rough":false,"updateDiagram":false},"time":1726172606223,"type":"auto","id":"0c53c3f4-7124-4b76-94ad-4b6453505ccb","name":"blue-china"},{"state":{"code":"flowchart TD\n    A[Inputs] --> B(Geometry Search)\n    A --> C(Audio Retrival)\n    B --> D(Sightings)\n    D --> C\n    C --> E(Frequency Detection)\n    E --> F(Audio Classification)\n    F --> G(Audio Clips)\n    B --> H[Output]\n    G --> H\n    %% C -->|Two| E[iPhone]\n    %% C -->|Three| F[fa:fa-image Car]\n  ","mermaid":"{\n  \"theme\": \"dark\"\n}","autoSync":true,"rough":false,"updateDiagram":false},"time":1726172546223,"type":"auto","id":"638c3efa-6445-47ec-bf72-ede14fb952f2","name":"happy-electrician"},{"state":{"code":"flowchart TD\n    A[Inputs] --> B(Geometry Search)\n    A --> C(Audio Retrival)\n    B --> D(Sightings)\n    D --> C\n    C --> E(Frequency Detection)\n    E --> F(Audio Classification)\n    F --> G(Audio Clips)\n    %% C -->|Two| E[iPhone]\n    %% C -->|Three| F[fa:fa-image Car]\n  ","mermaid":"{\n  \"theme\": \"dark\"\n}","autoSync":true,"rough":false,"updateDiagram":false},"time":1726172486225,"type":"auto","id":"f46c484a-2050-4e3a-b935-96ace611778b","name":"cuddly-analyst"},{"state":{"code":"flowchart TD\n    A[Inputs] --> B(Geometry Search)\n    A --> C(Audio Retrival)\n    B --> D(Sightings)\n    D --> C\n    C --> E(Frequency Detection)\n    E --> F(Audio Classification)\n    \n    %% C -->|Two| E[iPhone]\n    %% C -->|Three| F[fa:fa-image Car]\n  ","mermaid":"{\n  \"theme\": \"dark\"\n}","autoSync":true,"rough":false,"updateDiagram":false},"time":1726172426228,"type":"auto","id":"434e7429-ecda-4555-aefa-9cb608cd2e00","name":"spicy-football"},{"state":{"code":"flowchart TD\n    A[Inputs] --> B(Geometry Search)\n    A --> C(Audio Retrival)\n    B --> D(Sightings)\n    D --> C\n    C --> E(Frequency Detec)\n    %% C -->|Two| E[iPhone]\n    %% C -->|Three| F[fa:fa-image Car]\n  ","mermaid":"{\n  \"theme\": \"dark\"\n}","autoSync":true,"rough":false,"updateDiagram":false},"time":1726172366227,"type":"auto","id":"0a8f6c61-b028-4016-974d-043bb8a5e7ae","name":"hallowed-angle"},{"state":{"code":"flowchart TD\n    A[Inputs] --> B(Geometry Search)\n    A --> C(Audio Retrival)\n    B --> D(Sightings)\n    D --> C\n    %% C -->|Two| E[iPhone]\n    %% C -->|Three| F[fa:fa-image Car]\n  ","mermaid":"{\n  \"theme\": \"dark\"\n}","autoSync":true,"rough":false,"updateDiagram":false},"time":1726172306227,"type":"auto","id":"5afb754e-d9d3-45cc-9832-e3537ce6ba27","name":"bulky-librarian"},{"state":{"code":"flowchart TD\n    A[Inputs] --> B(Geometry Search)\n    A --> C(Audio Retrival)\n    B --> D(Sightings)\n    D --> E()\n    %% C -->|Two| E[iPhone]\n    %% C -->|Three| F[fa:fa-image Car]\n  ","mermaid":"{\n  \"theme\": \"dark\"\n}","autoSync":true,"rough":false,"updateDiagram":false},"time":1726172246229,"type":"auto","id":"3cd4968d-2edb-4df5-8971-2547148df82c","name":"jealous-furniture"},{"state":{"code":"flowchart TD\n    A[Inputs] --> B(Geometry Search)\n    A --> C(Audio Retrival)\n    B --> \n    C --> D[Laptop]\n    %% C -->|Two| E[iPhone]\n    %% C -->|Three| F[fa:fa-image Car]\n  ","mermaid":"{\n  \"theme\": \"dark\"\n}","autoSync":true,"rough":false,"updateDiagram":false},"time":1726172186227,"type":"auto","id":"0003b272-dcea-4339-bbbc-8de48cd1edcf","name":"kind-candle"},{"state":{"code":"flowchart TD\n    A[Inputs] --> B(Geometry Search)\n    A --> C(Audio Retrival)\n    C -->|One| D[Laptop]\n    C -->|Two| E[iPhone]\n    C -->|Three| F[fa:fa-image Car]\n  ","mermaid":"{\n  \"theme\": \"dark\"\n}","autoSync":true,"rough":false,"updateDiagram":false},"time":1726172126231,"type":"auto","id":"5078c8e0-2ba7-44fe-b6ab-86710238bdf3","name":"bashful-kitchen"},{"state":{"code":"flowchart TD\n    A[Inputs] --> B(Geometry Search)\n    A --> C(Audio Retrival)\n    C -->|One| D[Laptop]\n    C -->|Two| E[iPhone]\n    C -->|Three| F[fa:fa-car Car]\n  ","mermaid":"{\n  \"theme\": \"dark\"\n}","autoSync":true,"rough":false,"updateDiagram":false},"time":1726172066232,"type":"auto","id":"915bf687-f51e-4aed-a8a4-814aeffcd641","name":"hissing-eve"},{"state":{"code":"flowchart TD\n    A[Inputs] --> B(Go shopping)\n    B --> C{Let me think}\n    C -->|One| D[Laptop]\n    C -->|Two| E[iPhone]\n    C -->|Three| F[fa:fa-car Car]\n  ","mermaid":"{\n  \"theme\": \"dark\"\n}","autoSync":true,"rough":false,"updateDiagram":false},"time":1726172006253,"type":"auto","id":"610fb017-4f91-4c57-8906-e0dcdcfe30ac","name":"drab-child"}]